Data;1 - u.m.c./US$;% Dia;% Acum.;3 - u.m.c./US$;% Ágio
04/01/2016;4,0387;3,43;3,43;-;-
05/01/2016;4,0114;-0,68;2,73;-;-
06/01/2016;4,0303;0,47;3,21;-;-
07/01/2016;4,0475;0,43;3,65;-;-
08/01/2016;4,0250;-0,56;3,08;-;-
11/01/2016;4,0153;-0,24;2,83;-;-
12/01/2016;4,0299;0,36;3,20;-;-
13/01/2016;3,9863;-1,08;2,09;-;-
14/01/2016;4,0223;0,90;3,01;-;-
15/01/2016;4,0402;0,44;3,47;-;-
18/01/2016;4,0364;-0,09;3,37;-;-
19/01/2016;4,0303;-0,15;3,21;-;-
20/01/2016;4,0861;1,38;4,64;-;-
21/01/2016;4,1558;1,71;6,43;-;-
22/01/2016;4,1232;-0,78;5,59;-;-
25/01/2016;4,1002;-0,56;5,00;-;-
26/01/2016;4,0967;-0,09;4,91;-;-
27/01/2016;4,0448;-1,27;3,59;-;-
28/01/2016;4,0838;0,96;4,58;-;-
29/01/2016;4,0428;-1,00;3,53;-;-
01/02/2016;3,9986;-1,09;2,40;-;-
02/02/2016;3,9919;-0,17;2,23;-;-
03/02/2016;3,9558;-0,90;1,31;-;-
04/02/2016;3,8653;-2,29;-1,01;-;-
05/02/2016;3,8975;0,83;-0,19;-;-
10/02/2016;3,9412;1,12;0,93;-;-
11/02/2016;3,9642;0,58;1,52;-;-
12/02/2016;3,9891;0,63;2,16;-;-
15/02/2016;3,9885;-0,02;2,14;-;-
16/02/2016;4,0213;0,82;2,98;-;-
17/02/2016;4,0318;0,26;3,25;-;-
18/02/2016;4,0091;-0,56;2,67;-;-
19/02/2016;4,0492;1,00;3,70;-;-
22/02/2016;3,9618;-2,16;1,46;-;-
23/02/2016;3,9684;0,17;1,63;-;-
24/02/2016;3,9900;0,54;2,18;-;-
25/02/2016;3,9400;-1,25;0,90;-;-
26/02/2016;3,9578;0,45;1,36;-;-
29/02/2016;3,9796;0,55;1,92;-;-
01/03/2016;3,9913;0,29;2,22;-;-
02/03/2016;3,9116;-2,00;0,17;-;-
03/03/2016;3,8504;-1,56;-1,39;-;-
04/03/2016;3,7188;-3,42;-4,76;-;-
07/03/2016;3,7714;1,41;-3,42;-;-
08/03/2016;3,7813;0,26;-3,16;-;-
09/03/2016;3,7037;-2,05;-5,15;-;-
10/03/2016;3,6700;-0,91;-6,01;-;-
11/03/2016;3,6271;-1,17;-7,11;-;-
14/03/2016;3,6239;-0,09;-7,19;-;-
15/03/2016;3,7116;2,42;-4,95;-;-
16/03/2016;3,8079;2,59;-2,48;-;-
17/03/2016;3,6445;-4,29;-6,67;-;-
18/03/2016;3,6146;-0,82;-7,43;-;-
21/03/2016;3,6229;0,23;-7,22;-;-
22/03/2016;3,6073;-0,43;-7,62;-;-
23/03/2016;3,6531;1,27;-6,45;-;-
24/03/2016;3,6948;1,14;-5,38;-;-
28/03/2016;3,6408;-1,46;-6,76;-;-
29/03/2016;3,6687;0,77;-6,05;-;-
30/03/2016;3,6116;-1,56;-7,51;-;-
31/03/2016;3,5589;-1,46;-8,86;-;-
01/04/2016;3,5799;0,59;-8,32;-;-
04/04/2016;3,5871;0,20;-8,14;-;-
05/04/2016;3,6581;1,98;-6,32;-;-
06/04/2016;3,6749;0,46;-5,89;-;-
07/04/2016;3,6921;0,47;-5,45;-;-
08/04/2016;3,6385;-1,45;-6,82;-;-
11/04/2016;3,5284;-3,03;-9,64;-;-
12/04/2016;3,5406;0,35;-9,33;-;-
13/04/2016;3,5429;0,06;-9,27;-;-
14/04/2016;3,5126;-0,86;-10,04;-;-
15/04/2016;3,5276;0,43;-9,66;-;-
18/04/2016;3,5904;1,78;-8,05;-;-
19/04/2016;3,5538;-1,02;-8,99;-;-
20/04/2016;3,5503;-0,10;-9,08;-;-
22/04/2016;3,5829;0,92;-8,24;-;-
25/04/2016;3,5472;-1,00;-9,16;-;-
26/04/2016;3,5301;-0,48;-9,60;-;-
27/04/2016;3,5295;-0,02;-9,61;-;-
28/04/2016;3,4992;-0,86;-10,39;-;-
29/04/2016;3,4508;-1,38;-11,63;-;-
02/05/2016;3,4991;1,40;-10,39;-;-
03/05/2016;3,5550;1,60;-8,96;-;-
04/05/2016;3,5397;-0,43;-9,35;-;-
05/05/2016;3,5296;-0,29;-9,61;-;-
06/05/2016;3,5362;0,19;-9,44;-;-
09/05/2016;3,5387;0,07;-9,38;-;-
10/05/2016;3,4772;-1,74;-10,95;-;-
11/05/2016;3,4645;-0,37;-11,28;-;-
12/05/2016;3,4877;0,67;-10,68;-;-
13/05/2016;3,5041;0,47;-10,26;-;-
16/05/2016;3,5035;-0,02;-10,28;-;-
17/05/2016;3,5037;0,01;-10,27;-;-
18/05/2016;3,5368;0,94;-9,42;-;-
19/05/2016;3,6003;1,80;-7,80;-;-
20/05/2016;3,5419;-1,62;-9,29;-;-
23/05/2016;3,5660;0,68;-8,68;-;-
24/05/2016;3,5491;-0,47;-9,11;-;-
25/05/2016;3,5804;0,88;-8,31;-;-
27/05/2016;3,6168;1,02;-7,38;-;-
30/05/2016;3,5997;-0,47;-7,81;-;-
31/05/2016;3,5951;-0,13;-7,93;-;-
01/06/2016;3,6126;0,49;-7,48;-;-
02/06/2016;3,5961;-0,46;-7,91;-;-
03/06/2016;3,5409;-1,54;-9,32;-;-
06/06/2016;3,5098;-0,88;-10,12;-;-
07/06/2016;3,4745;-1,01;-11,02;-;-
08/06/2016;3,3898;-2,44;-13,19;-;-
09/06/2016;3,3817;-0,24;-13,40;-;-
10/06/2016;3,4261;1,31;-12,26;-;-
13/06/2016;3,4533;0,79;-11,56;-;-
14/06/2016;3,4839;0,89;-10,78;-;-
15/06/2016;3,4768;-0,20;-10,96;-;-
16/06/2016;3,4904;0,39;-10,61;-;-
17/06/2016;3,4372;-1,52;-11,98;-;-
20/06/2016;3,3835;-1,56;-13,35;-;-
21/06/2016;3,3897;0,18;-13,19;-;-
22/06/2016;3,3883;-0,04;-13,23;-;-
23/06/2016;3,3533;-1,03;-14,12;-;-
24/06/2016;3,3772;0,71;-13,51;-;-
27/06/2016;3,3934;0,48;-13,10;-;-
28/06/2016;3,3267;-1,97;-14,80;-;-
29/06/2016;3,2435;-2,50;-16,94;-;-
30/06/2016;3,2098;-1,04;-17,80;-;-
01/07/2016;3,2298;0,62;-17,29;-;-
04/07/2016;3,2480;0,56;-16,82;-;-
05/07/2016;3,2904;1,31;-15,73;-;-
06/07/2016;3,3242;1,03;-14,87;-;-
07/07/2016;3,3388;0,44;-14,50;-;-
08/07/2016;3,2968;-1,26;-15,57;-;-
11/07/2016;3,3031;0,19;-15,41;-;-
12/07/2016;3,2750;-0,85;-16,13;-;-
13/07/2016;3,2896;0,45;-15,76;-;-
14/07/2016;3,2311;-1,78;-17,25;-;-
15/07/2016;3,2656;1,07;-16,37;-;-
18/07/2016;3,2634;-0,07;-16,43;-;-
19/07/2016;3,2801;0,51;-16,00;-;-
20/07/2016;3,2512;-0,88;-16,74;-;-
21/07/2016;3,2585;0,22;-16,55;-;-
22/07/2016;3,2854;0,83;-15,86;-;-
25/07/2016;3,2819;-0,11;-15,95;-;-
26/07/2016;3,2790;-0,09;-16,03;-;-
27/07/2016;3,2820;0,09;-15,95;-;-
28/07/2016;3,2740;-0,24;-16,15;-;-
29/07/2016;3,2390;-1,07;-17,05;-;-
01/08/2016;3,2662;0,84;-16,35;-;-
02/08/2016;3,2490;-0,53;-16,79;-;-
03/08/2016;3,2733;0,75;-16,17;-;-
04/08/2016;3,2183;-1,68;-17,58;-;-
05/08/2016;3,1859;-1,01;-18,41;-;-
08/08/2016;3,1771;-0,28;-18,64;-;-
09/08/2016;3,1503;-0,84;-19,32;-;-
10/08/2016;3,1302;-0,64;-19,84;-;-
11/08/2016;3,1364;0,20;-19,68;-;-
12/08/2016;3,1602;0,76;-19,07;-;-
15/08/2016;3,1672;0,22;-18,89;-;-
16/08/2016;3,1749;0,24;-18,69;-;-
17/08/2016;3,2248;1,57;-17,41;-;-
18/08/2016;3,2215;-0,10;-17,50;-;-
19/08/2016;3,2267;0,16;-17,37;-;-
22/08/2016;3,2163;-0,32;-17,63;-;-
23/08/2016;3,2054;-0,34;-17,91;-;-
24/08/2016;3,2372;0,99;-17,10;-;-
25/08/2016;3,2319;-0,16;-17,23;-;-
26/08/2016;3,2153;-0,51;-17,66;-;-
29/08/2016;3,2613;1,43;-16,48;-;-
30/08/2016;3,2525;-0,27;-16,71;-;-
31/08/2016;3,2403;-0,38;-17,02;-;-
01/09/2016;3,2472;0,21;-16,84;-;-
02/09/2016;3,2431;-0,13;-16,95;-;-
05/09/2016;3,2721;0,89;-16,20;-;-
06/09/2016;3,2452;-0,82;-16,89;-;-
08/09/2016;3,1934;-1,60;-18,22;-;-
09/09/2016;3,2638;2,20;-16,42;-;-
12/09/2016;3,2854;0,66;-15,86;-;-
13/09/2016;3,2972;0,36;-15,56;-;-
14/09/2016;3,3262;0,88;-14,82;-;-
15/09/2016;3,3326;0,19;-14,65;-;-
16/09/2016;3,3004;-0,97;-15,48;-;-
19/09/2016;3,2636;-1,12;-16,42;-;-
20/09/2016;3,2540;-0,29;-16,67;-;-
21/09/2016;3,2408;-0,41;-17,00;-;-
22/09/2016;3,2015;-1,21;-18,01;-;-
23/09/2016;3,2242;0,71;-17,43;-;-
26/09/2016;3,2400;0,49;-17,03;-;-
27/09/2016;3,2358;-0,13;-17,13;-;-
28/09/2016;3,2476;0,36;-16,83;-;-
29/09/2016;3,2235;-0,74;-17,45;-;-
30/09/2016;3,2462;0,70;-16,87;-;-
03/10/2016;3,2338;-0,38;-17,18;-;-
04/10/2016;3,2203;-0,42;-17,53;-;-
05/10/2016;3,2359;0,48;-17,13;-;-
06/10/2016;3,2310;-0,15;-17,26;-;-
07/10/2016;3,2134;-0,54;-17,71;-;-
10/10/2016;3,2125;-0,03;-17,73;-;-
11/10/2016;3,2136;0,03;-17,70;-;-
13/10/2016;3,2087;-0,15;-17,83;-;-
14/10/2016;3,1864;-0,70;-18,40;-;-
17/10/2016;3,1963;0,31;-18,14;-;-
18/10/2016;3,1874;-0,28;-18,37;-;-
19/10/2016;3,1800;-0,23;-18,56;-;-
20/10/2016;3,1605;-0,61;-19,06;-;-
21/10/2016;3,1593;-0,04;-19,09;-;-
24/10/2016;3,1311;-0,89;-19,81;-;-
25/10/2016;3,1193;-0,38;-20,12;-;-
26/10/2016;3,1219;0,08;-20,05;-;-
27/10/2016;3,1429;0,67;-19,51;-;-
28/10/2016;3,1815;1,23;-18,52;-;-
31/10/2016;3,1811;-0,01;-18,53;-;-
01/11/2016;3,2053;0,76;-17,91;-;-
03/11/2016;3,2310;0,80;-17,26;-;-
04/11/2016;3,2449;0,43;-16,90;-;-
07/11/2016;3,2024;-1,31;-17,99;-;-
08/11/2016;3,2024;0,00;-17,99;-;-
09/11/2016;3,2258;0,73;-17,39;-;-
10/11/2016;3,3104;2,62;-15,22;-;-
11/11/2016;3,4377;3,85;-11,96;-;-
14/11/2016;3,4446;0,20;-11,79;-;-
16/11/2016;3,4183;-0,76;-12,46;-;-
17/11/2016;3,4052;-0,38;-12,79;-;-
18/11/2016;3,3917;-0,40;-13,14;-;-
21/11/2016;3,3517;-1,18;-14,16;-;-
22/11/2016;3,3476;-0,12;-14,27;-;-
23/11/2016;3,3927;1,35;-13,11;-;-
24/11/2016;3,3987;0,18;-12,96;-;-
25/11/2016;3,4279;0,86;-12,21;-;-
28/11/2016;3,3996;-0,83;-12,94;-;-
29/11/2016;3,4060;0,19;-12,77;-;-
30/11/2016;3,3967;-0,27;-13,01;-;-
01/12/2016;3,4362;1,16;-12,00;-;-
02/12/2016;3,4650;0,84;-11,26;-;-
05/12/2016;3,4598;-0,15;-11,40;-;-
06/12/2016;3,4354;-0,71;-12,02;-;-
07/12/2016;3,3895;-1,34;-13,20;-;-
08/12/2016;3,4008;0,33;-12,91;-;-
09/12/2016;3,3858;-0,44;-13,29;-;-
12/12/2016;3,3697;-0,48;-13,70;-;-
13/12/2016;3,3340;-1,06;-14,62;-;-
14/12/2016;3,3103;-0,71;-15,22;-;-
15/12/2016;3,3830;2,20;-13,36;-;-
16/12/2016;3,3712;-0,35;-13,67;-;-
19/12/2016;3,3778;0,20;-13,50;-;-
20/12/2016;3,3586;-0,57;-13,99;-;-
21/12/2016;3,3297;-0,86;-14,73;-;-
22/12/2016;3,3302;0,02;-14,72;-;-
23/12/2016;3,2696;-1,82;-16,27;-;-
26/12/2016;3,2701;0,02;-16,25;-;-
27/12/2016;3,2776;0,23;-16,06;-;-
28/12/2016;3,2774;-0,01;-16,07;-;-
29/12/2016;3,2591;-0,56;-16,54;-;-
30/12/2016;3,2591;0,00;-16,54;-;-
02/01/2017;3,2729;0,42;-16,18;-;-
03/01/2017;3,2632;-0,30;-16,43;-;-
04/01/2017;3,2333;-0,92;-17,20;-;-
05/01/2017;3,2129;-0,63;-17,72;-;-
06/01/2017;3,2057;-0,22;-17,90;-;-
09/01/2017;3,2097;0,12;-17,80;-;-
10/01/2017;3,1918;-0,56;-18,26;-;-
11/01/2017;3,2154;0,74;-17,66;-;-
12/01/2017;3,1661;-1,53;-18,92;-;-
13/01/2017;3,2034;1,18;-17,96;-;-
16/01/2017;3,2234;0,62;-17,45;-;-
17/01/2017;3,2100;-0,42;-17,79;-;-
18/01/2017;3,2211;0,35;-17,51;-;-
19/01/2017;3,2113;-0,30;-17,76;-;-
20/01/2017;3,1918;-0,61;-18,26;-;-
23/01/2017;3,1609;-0,97;-19,05;-;-
24/01/2017;3,1649;0,13;-18,95;-;-
25/01/2017;3,1690;0,13;-18,84;-;-
26/01/2017;3,1804;0,36;-18,55;-;-
27/01/2017;3,1596;-0,65;-19,08;-;-
30/01/2017;3,1316;-0,89;-19,80;-;-
31/01/2017;3,1270;-0,15;-19,92;-;-
01/02/2017;3,1479;0,67;-19,38;-;-
02/02/2017;3,1196;-0,90;-20,11;-;-
03/02/2017;3,1241;0,14;-19,99;-;-
06/02/2017;3,1179;-0,20;-20,15;-;-
07/02/2017;3,1304;0,40;-19,83;-;-
08/02/2017;3,1255;-0,16;-19,96;-;-
09/02/2017;3,1185;-0,22;-20,14;-;-
10/02/2017;3,1155;-0,10;-20,21;-;-
13/02/2017;3,1175;0,06;-20,16;-;-
14/02/2017;3,1004;-0,55;-20,60;-;-
15/02/2017;3,0779;-0,73;-21,18;-;-
16/02/2017;3,0510;-0,87;-21,87;-;-
17/02/2017;3,0950;1,44;-20,74;-;-
20/02/2017;3,0918;-0,10;-20,82;-;-
21/02/2017;3,0970;0,17;-20,69;-;-
22/02/2017;3,0824;-0,47;-21,06;-;-
23/02/2017;3,0638;-0,60;-21,54;-;-
24/02/2017;3,0993;1,16;-20,63;-;-
01/03/2017;3,0976;-0,05;-20,67;-;-
02/03/2017;3,1138;0,52;-20,26;-;-
03/03/2017;3,1364;0,73;-19,68;-;-
06/03/2017;3,1111;-0,81;-20,33;-;-
07/03/2017;3,1185;0,24;-20,14;-;-
08/03/2017;3,1477;0,94;-19,39;-;-
09/03/2017;3,1735;0,82;-18,73;-;-
10/03/2017;3,1623;-0,35;-19,02;-;-
13/03/2017;3,1541;-0,26;-19,23;-;-
14/03/2017;3,1639;0,31;-18,97;-;-
15/03/2017;3,1629;-0,03;-19,00;-;-
16/03/2017;3,1080;-1,74;-20,41;-;-
17/03/2017;3,1075;-0,02;-20,42;-;-
20/03/2017;3,0898;-0,57;-20,87;-;-
21/03/2017;3,0765;-0,43;-21,21;-;-
22/03/2017;3,0939;0,57;-20,77;-;-
23/03/2017;3,1248;1,00;-19,98;-;-
24/03/2017;3,1282;0,11;-19,89;-;-
27/03/2017;3,1256;-0,08;-19,95;-;-
28/03/2017;3,1303;0,15;-19,83;-;-
29/03/2017;3,1229;-0,24;-20,02;-;-
30/03/2017;3,1247;0,06;-19,98;-;-
31/03/2017;3,1684;1,40;-18,86;-;-
03/04/2017;3,1167;-1,63;-20,18;-;-
04/04/2017;3,1231;0,21;-20,02;-;-
05/04/2017;3,0923;-0,99;-20,81;-;-
06/04/2017;3,1160;0,77;-20,20;-;-
07/04/2017;3,1302;0,46;-19,84;-;-
10/04/2017;3,1409;0,34;-19,56;-;-
11/04/2017;3,1424;0,05;-19,52;-;-
12/04/2017;3,1463;0,12;-19,42;-;-
13/04/2017;3,1269;-0,62;-19,92;-;-
17/04/2017;3,1036;-0,75;-20,52;-;-
18/04/2017;3,0958;-0,25;-20,72;-;-
19/04/2017;3,1294;1,09;-19,86;-;-
20/04/2017;3,1453;0,51;-19,45;-;-
24/04/2017;3,1251;-0,64;-19,97;-;-
25/04/2017;3,1577;1,04;-19,13;-;-
26/04/2017;3,1847;0,86;-18,44;-;-
27/04/2017;3,1763;-0,26;-18,66;-;-
28/04/2017;3,1984;0,70;-18,09;-;-
02/05/2017;3,1724;-0,81;-18,76;-;-
03/05/2017;3,1489;-0,74;-19,36;-;-
04/05/2017;3,1780;0,92;-18,61;-;-
05/05/2017;3,1764;-0,05;-18,65;-;-
08/05/2017;3,1938;0,55;-18,21;-;-
09/05/2017;3,1857;-0,25;-18,42;-;-
10/05/2017;3,1606;-0,79;-19,06;-;-
11/05/2017;3,1559;-0,15;-19,18;-;-
12/05/2017;3,1290;-0,85;-19,87;-;-
15/05/2017;3,1011;-0,89;-20,58;-;-
16/05/2017;3,0924;-0,28;-20,81;-;-
17/05/2017;3,1076;0,49;-20,42;-;-
18/05/2017;3,3807;8,79;-13,42;-;-
19/05/2017;3,2878;-2,75;-15,80;-;-
22/05/2017;3,2863;-0,05;-15,84;-;-
23/05/2017;3,2654;-0,64;-16,37;-;-
24/05/2017;3,2629;-0,08;-16,44;-;-
25/05/2017;3,2824;0,60;-15,94;-;-
26/05/2017;3,2614;-0,64;-16,48;-;-
29/05/2017;3,2709;0,29;-16,23;-;-
30/05/2017;3,2659;-0,15;-16,36;-;-
31/05/2017;3,2437;-0,68;-16,93;-;-
01/06/2017;3,2307;-0,40;-17,26;-;-
02/06/2017;3,2401;0,29;-17,02;-;-
05/06/2017;3,2820;1,29;-15,95;-;-
06/06/2017;3,2817;-0,01;-15,96;-;-
07/06/2017;3,2747;-0,21;-16,14;-;-
08/06/2017;3,2838;0,28;-15,90;-;-
09/06/2017;3,2740;-0,30;-16,15;-;-
12/06/2017;3,2986;0,75;-15,52;-;-
13/06/2017;3,3208;0,67;-14,96;-;-
14/06/2017;3,2836;-1,12;-15,91;-;-
16/06/2017;3,2892;0,17;-15,77;-;-
19/06/2017;3,2975;0,25;-15,55;-;-
20/06/2017;3,3145;0,52;-15,12;-;-
21/06/2017;3,3247;0,31;-14,86;-;-
22/06/2017;3,3362;0,35;-14,56;-;-
23/06/2017;3,3342;-0,06;-14,61;-;-
26/06/2017;3,3128;-0,64;-15,16;-;-
27/06/2017;3,3172;0,13;-15,05;-;-
28/06/2017;3,3030;-0,43;-15,41;-;-
29/06/2017;3,2952;-0,24;-15,61;-;-
30/06/2017;3,3082;0,39;-15,28;-;-
03/07/2017;3,3015;-0,20;-15,45;-;-
04/07/2017;3,3050;0,11;-15,36;-;-
05/07/2017;3,3193;0,43;-14,99;-;-
06/07/2017;3,3064;-0,39;-15,32;-;-
07/07/2017;3,2895;-0,51;-15,76;-;-
10/07/2017;3,2650;-0,74;-16,38;-;-
11/07/2017;3,2522;-0,39;-16,71;-;-
12/07/2017;3,2264;-0,79;-17,37;-;-
13/07/2017;3,2108;-0,48;-17,77;-;-
14/07/2017;3,1899;-0,65;-18,31;-;-
17/07/2017;3,1821;-0,24;-18,51;-;-
18/07/2017;3,1668;-0,48;-18,90;-;-
19/07/2017;3,1533;-0,43;-19,25;-;-
20/07/2017;3,1402;-0,42;-19,58;-;-
21/07/2017;3,1256;-0,46;-19,95;-;-
24/07/2017;3,1459;0,65;-19,44;-;-
25/07/2017;3,1556;0,31;-19,19;-;-
26/07/2017;3,1657;0,32;-18,93;-;-
27/07/2017;3,1513;-0,45;-19,30;-;-
28/07/2017;3,1457;-0,18;-19,44;-;-
31/07/2017;3,1307;-0,48;-19,82;-;-
01/08/2017;3,1161;-0,47;-20,20;-;-
02/08/2017;3,1268;0,34;-19,92;-;-
03/08/2017;3,1194;-0,24;-20,11;-;-
04/08/2017;3,1224;0,10;-20,04;-;-
07/08/2017;3,1267;0,14;-19,93;-;-
08/08/2017;3,1320;0,17;-19,79;-;-
09/08/2017;3,1464;0,46;-19,42;-;-
10/08/2017;3,1543;0,25;-19,22;-;-
11/08/2017;3,1695;0,48;-18,83;-;-
14/08/2017;3,1888;0,61;-18,34;-;-
15/08/2017;3,1976;0,28;-18,11;-;-
16/08/2017;3,1670;-0,96;-18,89;-;-
17/08/2017;3,1603;-0,21;-19,07;-;-
18/08/2017;3,1654;0,16;-18,94;-;-
21/08/2017;3,1443;-0,67;-19,48;-;-
22/08/2017;3,1539;0,31;-19,23;-;-
23/08/2017;3,1569;0,10;-19,15;-;-
24/08/2017;3,1404;-0,52;-19,58;-;-
25/08/2017;3,1462;0,18;-19,43;-;-
28/08/2017;3,1563;0,32;-19,17;-;-
29/08/2017;3,1695;0,42;-18,83;-;-
30/08/2017;3,1638;-0,18;-18,98;-;-
31/08/2017;3,1471;-0,53;-19,40;-;-
01/09/2017;3,1333;-0,44;-19,76;-;-
04/09/2017;3,1389;0,18;-19,61;-;-
05/09/2017;3,1203;-0,59;-20,09;-;-
06/09/2017;3,1133;-0,22;-20,27;-;-
08/09/2017;3,0908;-0,72;-20,85;-;-
11/09/2017;3,0852;-0,18;-20,99;-;-
12/09/2017;3,1144;0,95;-20,24;-;-
13/09/2017;3,1343;0,64;-19,73;-;-
14/09/2017;3,1354;0,04;-19,70;-;-
15/09/2017;3,1255;-0,32;-19,96;-;-
18/09/2017;3,1239;-0,05;-20,00;-;-
19/09/2017;3,1323;0,27;-19,78;-;-
20/09/2017;3,1281;-0,13;-19,89;-;-
21/09/2017;3,1347;0,21;-19,72;-;-
22/09/2017;3,1285;-0,20;-19,88;-;-
25/09/2017;3,1412;0,41;-19,56;-;-
26/09/2017;3,1674;0,83;-18,88;-;-
27/09/2017;3,1932;0,81;-18,22;-;-
28/09/2017;3,1871;-0,19;-18,38;-;-
29/09/2017;3,1680;-0,60;-18,87;-;-
02/10/2017;3,1642;-0,12;-18,97;-;-
03/10/2017;3,1502;-0,44;-19,32;-;-
04/10/2017;3,1315;-0,59;-19,80;-;-
05/10/2017;3,1347;0,10;-19,72;-;-
06/10/2017;3,1648;0,96;-18,95;-;-
09/10/2017;3,1770;0,39;-18,64;-;-
10/10/2017;3,1688;-0,26;-18,85;-;-
11/10/2017;3,1639;-0,15;-18,97;-;-
13/10/2017;3,1572;-0,21;-19,15;-;-
16/10/2017;3,1607;0,11;-19,06;-;-
17/10/2017;3,1769;0,51;-18,64;-;-
18/10/2017;3,1673;-0,30;-18,89;-;-
19/10/2017;3,1732;0,19;-18,74;-;-
20/10/2017;3,1833;0,32;-18,48;-;-
23/10/2017;3,2003;0,53;-18,04;-;-
24/10/2017;3,2470;1,46;-16,85;-;-
25/10/2017;3,2387;-0,26;-17,06;-;-
26/10/2017;3,2444;0,18;-16,91;-;-
27/10/2017;3,2801;1,10;-16,00;-;-
30/10/2017;3,2547;-0,77;-16,65;-;-
31/10/2017;3,2769;0,68;-16,08;-;-
01/11/2017;3,2736;-0,10;-16,16;-;-
03/11/2017;3,2920;0,56;-15,69;-;-
06/11/2017;3,2851;-0,21;-15,87;-;-
07/11/2017;3,2733;-0,36;-16,17;-;-
08/11/2017;3,2509;-0,68;-16,75;-;-
09/11/2017;3,2515;0,02;-16,73;-;-
10/11/2017;3,2661;0,45;-16,36;-;-
13/11/2017;3,2873;0,65;-15,81;-;-
14/11/2017;3,2834;-0,12;-15,91;-;-
16/11/2017;3,2808;-0,08;-15,98;-;-
17/11/2017;3,2788;-0,06;-16,03;-;-
20/11/2017;3,2623;-0,50;-16,45;-;-
21/11/2017;3,2591;-0,10;-16,54;-;-
22/11/2017;3,2561;-0,09;-16,61;-;-
23/11/2017;3,2371;-0,58;-17,10;-;-
24/11/2017;3,2300;-0,22;-17,28;-;-
27/11/2017;3,2218;-0,25;-17,49;-;-
28/11/2017;3,2232;0,04;-17,46;-;-
29/11/2017;3,2136;-0,30;-17,70;-;-
30/11/2017;3,2616;1,49;-16,47;-;-
01/12/2017;3,2636;0,06;-16,42;-;-
04/12/2017;3,2506;-0,40;-16,75;-;-
05/12/2017;3,2322;-0,57;-17,22;-;-
06/12/2017;3,2354;0,10;-17,14;-;-
07/12/2017;3,2892;1,66;-15,77;-;-
08/12/2017;3,2811;-0,25;-15,97;-;-
11/12/2017;3,2845;0,10;-15,89;-;-
12/12/2017;3,3149;0,93;-15,11;-;-
13/12/2017;3,3036;-0,34;-15,40;-;-
14/12/2017;3,3332;0,90;-14,64;-;-
15/12/2017;3,3182;-0,45;-15,02;-;-
18/12/2017;3,2881;-0,91;-15,79;-;-
19/12/2017;3,2883;0,01;-15,79;-;-
20/12/2017;3,2909;0,08;-15,72;-;-
21/12/2017;3,3045;0,41;-15,37;-;-
22/12/2017;3,3209;0,50;-14,95;-;-
26/12/2017;3,3200;-0,03;-14,98;-;-
27/12/2017;3,3031;-0,51;-15,41;-;-
28/12/2017;3,3080;0,15;-15,28;-;-
29/12/2017;3,3080;0,00;-15,28;-;-
02/01/2018;3,2697;-1,16;-16,26;-;-
03/01/2018;3,2535;-0,50;-16,68;-;-
04/01/2018;3,2318;-0,67;-17,24;-;-
05/01/2018;3,2409;0,28;-17,00;-;-
08/01/2018;3,2357;-0,16;-17,14;-;-
09/01/2018;3,2397;0,12;-17,03;-;-
10/01/2018;3,2467;0,22;-16,85;-;-
11/01/2018;3,2301;-0,51;-17,28;-;-
12/01/2018;3,2197;-0,32;-17,55;-;-
15/01/2018;3,1963;-0,73;-18,14;-;-
16/01/2018;3,2219;0,80;-17,49;-;-
17/01/2018;3,2324;0,33;-17,22;-;-
18/01/2018;3,2129;-0,60;-17,72;-;-
19/01/2018;3,2087;-0,13;-17,83;-;-
22/01/2018;3,1934;-0,48;-18,22;-;-
23/01/2018;3,2249;0,99;-17,41;-;-
24/01/2018;3,1970;-0,87;-18,13;-;-
25/01/2018;3,1391;-1,81;-19,61;-;-
26/01/2018;3,1450;0,19;-19,46;-;-
29/01/2018;3,1655;0,65;-18,93;-;-
30/01/2018;3,1661;0,02;-18,92;-;-
31/01/2018;3,1624;-0,12;-19,01;-;-
01/02/2018;3,1730;0,34;-18,74;-;-
02/02/2018;3,2060;1,04;-17,90;-;-
05/02/2018;3,2355;0,92;-17,14;-;-
06/02/2018;3,2613;0,80;-16,48;-;-
07/02/2018;3,2467;-0,45;-16,85;-;-
08/02/2018;3,2692;0,69;-16,28;-;-
09/02/2018;3,2821;0,39;-15,95;-;-
14/02/2018;3,2536;-0,87;-16,68;-;-
15/02/2018;3,2208;-1,01;-17,52;-;-
16/02/2018;3,2381;0,54;-17,07;-;-
19/02/2018;3,2347;-0,10;-17,16;-;-
20/02/2018;3,2507;0,49;-16,75;-;-
21/02/2018;3,2555;0,15;-16,63;-;-
22/02/2018;3,2598;0,13;-16,52;-;-
23/02/2018;3,2417;-0,56;-16,98;-;-
26/02/2018;3,2351;-0,20;-17,15;-;-
27/02/2018;3,2383;0,10;-17,07;-;-
28/02/2018;3,2449;0,20;-16,90;-;-
01/03/2018;3,2620;0,53;-16,46;-;-
02/03/2018;3,2614;-0,02;-16,48;-;-
05/03/2018;3,2582;-0,10;-16,56;-;-
06/03/2018;3,2246;-1,03;-17,42;-;-
07/03/2018;3,2318;0,22;-17,24;-;-
08/03/2018;3,2518;0,62;-16,72;-;-
09/03/2018;3,2496;-0,07;-16,78;-;-
12/03/2018;3,2606;0,34;-16,50;-;-
13/03/2018;3,2492;-0,35;-16,79;-;-
14/03/2018;3,2584;0,28;-16,55;-;-
15/03/2018;3,2859;0,84;-15,85;-;-
16/03/2018;3,2905;0,14;-15,73;-;-
19/03/2018;3,2911;0,02;-15,72;-;-
20/03/2018;3,2981;0,21;-15,54;-;-
21/03/2018;3,2921;-0,18;-15,69;-;-
22/03/2018;3,3033;0,34;-15,40;-;-
23/03/2018;3,3041;0,02;-15,38;-;-
26/03/2018;3,3034;-0,02;-15,40;-;-
27/03/2018;3,3256;0,67;-14,83;-;-
28/03/2018;3,3380;0,37;-14,52;-;-
29/03/2018;3,3238;-0,43;-14,88;-;-
02/04/2018;3,3104;-0,40;-15,22;-;-
03/04/2018;3,3139;0,11;-15,13;-;-
04/04/2018;3,3538;1,20;-14,11;-;-
05/04/2018;3,3196;-1,02;-14,99;-;-
06/04/2018;3,3666;1,42;-13,78;-;-
09/04/2018;3,3903;0,70;-13,18;-;-
10/04/2018;3,4195;0,86;-12,43;-;-
11/04/2018;3,4052;-0,42;-12,79;-;-
12/04/2018;3,3858;-0,57;-13,29;-;-
13/04/2018;3,4105;0,73;-12,66;-;-
16/04/2018;3,4263;0,46;-12,25;-;-
17/04/2018;3,4041;-0,65;-12,82;-;-
18/04/2018;3,3844;-0,58;-13,33;-;-
19/04/2018;3,3977;0,39;-12,99;-;-
20/04/2018;3,4101;0,36;-12,67;-;-
23/04/2018;3,4421;0,94;-11,85;-;-
24/04/2018;3,4667;0,71;-11,22;-;-
25/04/2018;3,5040;1,08;-10,26;-;-
26/04/2018;3,4977;-0,18;-10,43;-;-
27/04/2018;3,4676;-0,86;-11,20;-;-
30/04/2018;3,4811;0,39;-10,85;-;-
02/05/2018;3,5424;1,76;-9,28;-;-
03/05/2018;3,5484;0,17;-9,13;-;-
04/05/2018;3,5308;-0,50;-9,58;-;-
07/05/2018;3,5458;0,42;-9,19;-;-
08/05/2018;3,5788;0,93;-8,35;-;-
09/05/2018;3,5943;0,43;-7,95;-;-
10/05/2018;3,5566;-1,05;-8,92;-;-
11/05/2018;3,5716;0,42;-8,53;-;-
14/05/2018;3,6097;1,07;-7,56;-;-
15/05/2018;3,6753;1,82;-5,88;-;-
16/05/2018;3,6803;0,14;-5,75;-;-
17/05/2018;3,6874;0,19;-5,57;-;-
18/05/2018;3,7503;1,71;-3,96;-;-
21/05/2018;3,7072;-1,15;-5,06;-;-
22/05/2018;3,6502;-1,54;-6,52;-;-
23/05/2018;3,6507;0,01;-6,51;-;-
24/05/2018;3,6436;-0,19;-6,69;-;-
25/05/2018;3,6587;0,41;-6,30;-;-
28/05/2018;3,7092;1,38;-5,01;-;-
29/05/2018;3,7289;0,53;-4,50;-;-
30/05/2018;3,7370;0,22;-4,30;-;-
01/06/2018;3,7413;0,12;-4,19;-;-
04/06/2018;3,7424;0,03;-4,16;-;-
05/06/2018;3,7752;0,88;-3,32;-;-
06/06/2018;3,8193;1,17;-2,19;-;-
07/06/2018;3,9000;2,11;-0,12;-;-
08/06/2018;3,7859;-2,93;-3,04;-;-
11/06/2018;3,6913;-2,50;-5,47;-;-
12/06/2018;3,7044;0,35;-5,13;-;-
13/06/2018;3,7054;0,03;-5,11;-;-
14/06/2018;3,7057;0,01;-5,10;-;-
15/06/2018;3,7738;1,84;-3,35;-;-
18/06/2018;3,7543;-0,52;-3,85;-;-
19/06/2018;3,7566;0,06;-3,80;-;-
20/06/2018;3,7335;-0,61;-4,39;-;-
21/06/2018;3,7894;1,50;-2,96;-;-
22/06/2018;3,7663;-0,61;-3,55;-;-
25/06/2018;3,7760;0,26;-3,30;-;-
26/06/2018;3,7721;-0,10;-3,40;-;-
27/06/2018;3,8358;1,69;-1,77;-;-
28/06/2018;3,8521;0,42;-1,35;-;-
29/06/2018;3,8558;0,10;-1,25;-;-
02/07/2018;3,9055;1,29;0,02;-;-
03/07/2018;3,8920;-0,35;-0,33;-;-
04/07/2018;3,9058;0,35;0,03;-;-
05/07/2018;3,9192;0,34;0,37;-;-
06/07/2018;3,9264;0,18;0,55;-;-
09/07/2018;3,8692;-1,46;-0,91;-;-
10/07/2018;3,8452;-0,62;-1,53;-;-
11/07/2018;3,8417;-0,09;-1,62;-;-
12/07/2018;3,8564;0,38;-1,24;-;-
13/07/2018;3,8745;0,47;-0,78;-;-
16/07/2018;3,8579;-0,43;-1,20;-;-
17/07/2018;3,8671;0,24;-0,97;-;-
18/07/2018;3,8474;-0,51;-1,47;-;-
19/07/2018;3,8847;0,97;-0,51;-;-
20/07/2018;3,7793;-2,71;-3,21;-;-
23/07/2018;3,7915;0,32;-2,90;-;-
24/07/2018;3,7459;-1,20;-4,07;-;-
25/07/2018;3,7120;-0,90;-4,94;-;-
26/07/2018;3,7243;0,33;-4,62;-;-
27/07/2018;3,7164;-0,21;-4,82;-;-
30/07/2018;3,7155;-0,02;-4,85;-;-
31/07/2018;3,7549;1,06;-3,84;-;-
01/08/2018;3,7491;-0,15;-3,99;-;-
02/08/2018;3,7645;0,41;-3,59;-;-
03/08/2018;3,7201;-1,18;-4,73;-;-
06/08/2018;3,7214;0,03;-4,70;-;-
07/08/2018;3,7118;-0,26;-4,94;-;-
08/08/2018;3,7519;1,08;-3,92;-;-
09/08/2018;3,8030;1,36;-2,61;-;-
10/08/2018;3,8472;1,16;-1,48;-;-
13/08/2018;3,8988;1,34;-0,15;-;-
14/08/2018;3,8812;-0,45;-0,60;-;-
15/08/2018;3,9134;0,83;0,22;-;-
16/08/2018;3,8810;-0,83;-0,61;-;-
17/08/2018;3,9389;1,49;0,87;-;-
20/08/2018;3,9430;0,10;0,98;-;-
21/08/2018;3,9873;1,12;2,11;-;-
22/08/2018;4,0740;2,17;4,33;-;-
23/08/2018;4,0727;-0,03;4,30;-;-
24/08/2018;4,0854;0,31;4,63;-;-
27/08/2018;4,0687;-0,41;4,20;-;-
28/08/2018;4,1192;1,24;5,49;-;-
29/08/2018;4,1353;0,39;5,90;-;-
30/08/2018;4,1812;1,11;7,08;-;-
31/08/2018;4,1353;-1,10;5,90;-;-
03/09/2018;4,1279;-0,18;5,71;-;-
04/09/2018;4,1652;0,90;6,67;-;-
05/09/2018;4,1609;-0,10;6,56;-;-
06/09/2018;4,1460;-0,36;6,18;-;-
10/09/2018;4,1007;-1,09;5,02;-;-
11/09/2018;4,1641;1,55;6,64;-;-
12/09/2018;4,1259;-0,92;5,66;-;-
13/09/2018;4,1637;0,92;6,63;-;-
14/09/2018;4,1879;0,58;7,25;-;-
17/09/2018;4,1695;-0,44;6,78;-;-
18/09/2018;4,1369;-0,78;5,94;-;-
19/09/2018;4,1351;-0,04;5,90;-;-
20/09/2018;4,0997;-0,86;4,99;-;-
21/09/2018;4,0728;-0,66;4,30;-;-
24/09/2018;4,0594;-0,33;3,96;-;-
25/09/2018;4,1286;1,70;5,73;-;-
26/09/2018;4,0570;-1,73;3,90;-;-
27/09/2018;4,0092;-1,18;2,67;-;-
28/09/2018;4,0039;-0,13;2,54;-;-
01/10/2018;4,0273;0,58;3,14;-;-
02/10/2018;3,9505;-1,91;1,17;-;-
03/10/2018;3,8542;-2,44;-1,30;-;-
04/10/2018;3,9047;1,31;0,00;-;-
05/10/2018;3,8699;-0,89;-0,89;-;-
08/10/2018;3,7588;-2,87;-3,74;-;-
09/10/2018;3,7391;-0,52;-4,24;-;-
10/10/2018;3,7510;0,32;-3,94;-;-
11/10/2018;3,7460;-0,13;-4,07;-;-
15/10/2018;3,7332;-0,34;-4,39;-;-
16/10/2018;3,7079;-0,68;-5,04;-;-
17/10/2018;3,7008;-0,19;-5,22;-;-
18/10/2018;3,6963;-0,12;-5,34;-;-
19/10/2018;3,7079;0,31;-5,04;-;-
22/10/2018;3,6903;-0,47;-5,49;-;-
23/10/2018;3,7080;0,48;-5,04;-;-
24/10/2018;3,7060;-0,05;-5,09;-;-
25/10/2018;3,7014;-0,12;-5,21;-;-
26/10/2018;3,6753;-0,71;-5,88;-;-
29/10/2018;3,6368;-1,05;-6,86;-;-
30/10/2018;3,7019;1,79;-5,20;-;-
31/10/2018;3,7177;0,43;-4,79;-;-
01/11/2018;3,6973;-0,55;-5,31;-;-
05/11/2018;3,7048;0,20;-5,12;-;-
06/11/2018;3,7492;1,20;-3,98;-;-
07/11/2018;3,7592;0,27;-3,73;-;-
08/11/2018;3,7391;-0,53;-4,24;-;-
09/11/2018;3,7506;0,31;-3,95;-;-
12/11/2018;3,7478;-0,07;-4,02;-;-
13/11/2018;3,7792;0,84;-3,22;-;-
14/11/2018;3,7924;0,35;-2,88;-;-
16/11/2018;3,7525;-1,05;-3,90;-;-
19/11/2018;3,7553;0,07;-3,83;-;-
20/11/2018;3,7591;0,10;-3,73;-;-
21/11/2018;3,7872;0,75;-3,01;-;-
22/11/2018;3,8103;0,61;-2,42;-;-
23/11/2018;3,8081;-0,06;-2,48;-;-
26/11/2018;3,8655;1,51;-1,01;-;-
27/11/2018;3,8925;0,70;-0,32;-;-
28/11/2018;3,8631;-0,76;-1,07;-;-
29/11/2018;3,8568;-0,16;-1,23;-;-
30/11/2018;3,8633;0,17;-1,06;-;-
03/12/2018;3,8285;-0,90;-1,95;-;-
04/12/2018;3,8313;0,07;-1,88;-;-
05/12/2018;3,8561;0,65;-1,25;-;-
06/12/2018;3,9178;1,60;0,33;-;-
07/12/2018;3,8964;-0,55;-0,22;-;-
10/12/2018;3,9110;0,37;0,16;-;-
11/12/2018;3,9013;-0,25;-0,09;-;-
12/12/2018;3,8629;-0,98;-1,07;-;-
13/12/2018;3,8790;0,42;-0,66;-;-
14/12/2018;3,9090;0,77;0,11;-;-
17/12/2018;3,9121;0,08;0,19;-;-
18/12/2018;3,8997;-0,32;-0,13;-;-
19/12/2018;3,8907;-0,23;-0,36;-;-
20/12/2018;3,8443;-1,19;-1,55;-;-
21/12/2018;3,8671;0,59;-0,97;-;-
24/12/2018;3,8855;0,48;-0,49;-;-
26/12/2018;3,9258;1,04;0,54;-;-
27/12/2018;3,9330;0,18;0,72;-;-
28/12/2018;3,8748;-1,48;-0,77;-;-
31/12/2018;3,8748;0,00;-0,77;-;-

série 1;Taxa de câmbio - Livre - Dólar americano (venda) - diário
série 3;Taxa de câmbio - Flutuante - Dólar turismo - Venda
